t_sec,rss_kb
15,123796
30,123796
45,123800
60,123800
75,123804
90,123804
105,123804
120,123804
135,123804
150,123804
165,123804
180,123808
195,123808
210,123808
225,123808
240,123808
255,123808
270,123808
285,123808
300,123812
315,123812
330,123812
345,123812
360,123816
375,123812
390,123812
405,123816
420,123816
435,123816
450,123816
465,123816
480,123816
495,123816
510,123816
525,123816
540,123816
555,123816
570,123816
585,123816
600,123816
615,123816
630,123820
645,123820
660,123820
675,123820
690,123820
705,123820
720,123820
735,123820
750,123820
765,123820
780,123820
795,123820
810,123820
825,123820
840,123820
855,123820
870,123820
885,123820
900,123824
